--
-- PostgreSQL database dump
--

-- Dumped from database version 15.6
-- Dumped by pg_dump version 15.6

-- Started on 2024-04-01 14:25:21

SET statement_timeout = 0;
SET lock_timeout = 0;
SET idle_in_transaction_session_timeout = 0;
SET client_encoding = 'UTF8';
SET standard_conforming_strings = on;
SELECT pg_catalog.set_config('search_path', '', false);
SET check_function_bodies = false;
SET xmloption = content;
SET client_min_messages = warning;
SET row_security = off;

--
-- TOC entry 2 (class 3079 OID 92725)
-- Name: postgis; Type: EXTENSION; Schema: -; Owner: -
--

CREATE EXTENSION IF NOT EXISTS postgis WITH SCHEMA public;


--
-- TOC entry 4443 (class 0 OID 0)
-- Dependencies: 2
-- Name: EXTENSION postgis; Type: COMMENT; Schema: -; Owner: 
--

COMMENT ON EXTENSION postgis IS 'PostGIS geometry and geography spatial types and functions';


SET default_tablespace = '';

SET default_table_access_method = heap;

--
-- TOC entry 226 (class 1259 OID 93837)
-- Name: Superviseur_cam; Type: TABLE; Schema: public; Owner: postgres
--

CREATE TABLE public."Superviseur_cam" (
    name_cam character varying(20) NOT NULL,
    coords_cam public.geometry(Point,4326),
    adresse_cam inet,
    num_port character varying,
    rest_de_path character varying,
    description_cam text,
    custom_url text,
    is_full_rtsp_url boolean NOT NULL,
    name_project_id character varying(20) NOT NULL
);


ALTER TABLE public."Superviseur_cam" OWNER TO postgres;

--
-- TOC entry 222 (class 1259 OID 93809)
-- Name: Superviseur_client; Type: TABLE; Schema: public; Owner: postgres
--

CREATE TABLE public."Superviseur_client" (
    name_client character varying(15),
    pseudo character varying(15) NOT NULL,
    gender character varying(1),
    email character varying(254),
    phone_number bigint,
    profile_picture character varying(100),
    description_client text
);


ALTER TABLE public."Superviseur_client" OWNER TO postgres;

--
-- TOC entry 223 (class 1259 OID 93816)
-- Name: Superviseur_projet; Type: TABLE; Schema: public; Owner: postgres
--

CREATE TABLE public."Superviseur_projet" (
    name_project character varying(20) NOT NULL,
    ville character varying,
    contrat_picture character varying(100),
    description_projet text,
    pseudo_id character varying(15) NOT NULL
);


ALTER TABLE public."Superviseur_projet" OWNER TO postgres;

--
-- TOC entry 224 (class 1259 OID 93823)
-- Name: Superviseur_superviseur; Type: TABLE; Schema: public; Owner: postgres
--

CREATE TABLE public."Superviseur_superviseur" (
    name_superviseur character varying(15),
    pseudo character varying(15) NOT NULL,
    gender character varying(1),
    email character varying(254),
    phone_number bigint,
    profile_picture character varying(100),
    description_superviseur text
);


ALTER TABLE public."Superviseur_superviseur" OWNER TO postgres;

--
-- TOC entry 225 (class 1259 OID 93830)
-- Name: Superviseur_zone; Type: TABLE; Schema: public; Owner: postgres
--

CREATE TABLE public."Superviseur_zone" (
    name_zone character varying(100) NOT NULL,
    coords_polys public.geometry(MultiPolygon,4326),
    description_zone text,
    name_project_id character varying(20) NOT NULL
);


ALTER TABLE public."Superviseur_zone" OWNER TO postgres;

--
-- TOC entry 228 (class 1259 OID 93882)
-- Name: Test_marker; Type: TABLE; Schema: public; Owner: postgres
--

CREATE TABLE public."Test_marker" (
    geomp public.geometry(Point,4326),
    marker_id bigint NOT NULL
);


ALTER TABLE public."Test_marker" OWNER TO postgres;

--
-- TOC entry 227 (class 1259 OID 93881)
-- Name: Test_marker_marker_id_seq; Type: SEQUENCE; Schema: public; Owner: postgres
--

ALTER TABLE public."Test_marker" ALTER COLUMN marker_id ADD GENERATED BY DEFAULT AS IDENTITY (
    SEQUENCE NAME public."Test_marker_marker_id_seq"
    START WITH 1
    INCREMENT BY 1
    NO MINVALUE
    NO MAXVALUE
    CACHE 1
);


--
-- TOC entry 230 (class 1259 OID 93890)
-- Name: Test_multipolygon; Type: TABLE; Schema: public; Owner: postgres
--

CREATE TABLE public."Test_multipolygon" (
    geomp public.geometry(MultiPolygon,4326),
    polygon_id bigint NOT NULL
);


ALTER TABLE public."Test_multipolygon" OWNER TO postgres;

--
-- TOC entry 229 (class 1259 OID 93889)
-- Name: Test_multipolygon_polygon_id_seq; Type: SEQUENCE; Schema: public; Owner: postgres
--

ALTER TABLE public."Test_multipolygon" ALTER COLUMN polygon_id ADD GENERATED BY DEFAULT AS IDENTITY (
    SEQUENCE NAME public."Test_multipolygon_polygon_id_seq"
    START WITH 1
    INCREMENT BY 1
    NO MINVALUE
    NO MAXVALUE
    CACHE 1
);


--
-- TOC entry 236 (class 1259 OID 93914)
-- Name: auth_group; Type: TABLE; Schema: public; Owner: postgres
--

CREATE TABLE public.auth_group (
    id integer NOT NULL,
    name character varying(150) NOT NULL
);


ALTER TABLE public.auth_group OWNER TO postgres;

--
-- TOC entry 235 (class 1259 OID 93913)
-- Name: auth_group_id_seq; Type: SEQUENCE; Schema: public; Owner: postgres
--

ALTER TABLE public.auth_group ALTER COLUMN id ADD GENERATED BY DEFAULT AS IDENTITY (
    SEQUENCE NAME public.auth_group_id_seq
    START WITH 1
    INCREMENT BY 1
    NO MINVALUE
    NO MAXVALUE
    CACHE 1
);


--
-- TOC entry 238 (class 1259 OID 93922)
-- Name: auth_group_permissions; Type: TABLE; Schema: public; Owner: postgres
--

CREATE TABLE public.auth_group_permissions (
    id bigint NOT NULL,
    group_id integer NOT NULL,
    permission_id integer NOT NULL
);


ALTER TABLE public.auth_group_permissions OWNER TO postgres;

--
-- TOC entry 237 (class 1259 OID 93921)
-- Name: auth_group_permissions_id_seq; Type: SEQUENCE; Schema: public; Owner: postgres
--

ALTER TABLE public.auth_group_permissions ALTER COLUMN id ADD GENERATED BY DEFAULT AS IDENTITY (
    SEQUENCE NAME public.auth_group_permissions_id_seq
    START WITH 1
    INCREMENT BY 1
    NO MINVALUE
    NO MAXVALUE
    CACHE 1
);


--
-- TOC entry 234 (class 1259 OID 93908)
-- Name: auth_permission; Type: TABLE; Schema: public; Owner: postgres
--

CREATE TABLE public.auth_permission (
    id integer NOT NULL,
    name character varying(255) NOT NULL,
    content_type_id integer NOT NULL,
    codename character varying(100) NOT NULL
);


ALTER TABLE public.auth_permission OWNER TO postgres;

--
-- TOC entry 233 (class 1259 OID 93907)
-- Name: auth_permission_id_seq; Type: SEQUENCE; Schema: public; Owner: postgres
--

ALTER TABLE public.auth_permission ALTER COLUMN id ADD GENERATED BY DEFAULT AS IDENTITY (
    SEQUENCE NAME public.auth_permission_id_seq
    START WITH 1
    INCREMENT BY 1
    NO MINVALUE
    NO MAXVALUE
    CACHE 1
);


--
-- TOC entry 240 (class 1259 OID 93928)
-- Name: auth_user; Type: TABLE; Schema: public; Owner: postgres
--

CREATE TABLE public.auth_user (
    id integer NOT NULL,
    password character varying(128) NOT NULL,
    last_login timestamp with time zone,
    is_superuser boolean NOT NULL,
    username character varying(150) NOT NULL,
    first_name character varying(150) NOT NULL,
    last_name character varying(150) NOT NULL,
    email character varying(254) NOT NULL,
    is_staff boolean NOT NULL,
    is_active boolean NOT NULL,
    date_joined timestamp with time zone NOT NULL
);


ALTER TABLE public.auth_user OWNER TO postgres;

--
-- TOC entry 242 (class 1259 OID 93936)
-- Name: auth_user_groups; Type: TABLE; Schema: public; Owner: postgres
--

CREATE TABLE public.auth_user_groups (
    id bigint NOT NULL,
    user_id integer NOT NULL,
    group_id integer NOT NULL
);


ALTER TABLE public.auth_user_groups OWNER TO postgres;

--
-- TOC entry 241 (class 1259 OID 93935)
-- Name: auth_user_groups_id_seq; Type: SEQUENCE; Schema: public; Owner: postgres
--

ALTER TABLE public.auth_user_groups ALTER COLUMN id ADD GENERATED BY DEFAULT AS IDENTITY (
    SEQUENCE NAME public.auth_user_groups_id_seq
    START WITH 1
    INCREMENT BY 1
    NO MINVALUE
    NO MAXVALUE
    CACHE 1
);


--
-- TOC entry 239 (class 1259 OID 93927)
-- Name: auth_user_id_seq; Type: SEQUENCE; Schema: public; Owner: postgres
--

ALTER TABLE public.auth_user ALTER COLUMN id ADD GENERATED BY DEFAULT AS IDENTITY (
    SEQUENCE NAME public.auth_user_id_seq
    START WITH 1
    INCREMENT BY 1
    NO MINVALUE
    NO MAXVALUE
    CACHE 1
);


--
-- TOC entry 244 (class 1259 OID 93942)
-- Name: auth_user_user_permissions; Type: TABLE; Schema: public; Owner: postgres
--

CREATE TABLE public.auth_user_user_permissions (
    id bigint NOT NULL,
    user_id integer NOT NULL,
    permission_id integer NOT NULL
);


ALTER TABLE public.auth_user_user_permissions OWNER TO postgres;

--
-- TOC entry 243 (class 1259 OID 93941)
-- Name: auth_user_user_permissions_id_seq; Type: SEQUENCE; Schema: public; Owner: postgres
--

ALTER TABLE public.auth_user_user_permissions ALTER COLUMN id ADD GENERATED BY DEFAULT AS IDENTITY (
    SEQUENCE NAME public.auth_user_user_permissions_id_seq
    START WITH 1
    INCREMENT BY 1
    NO MINVALUE
    NO MAXVALUE
    CACHE 1
);


--
-- TOC entry 246 (class 1259 OID 94000)
-- Name: django_admin_log; Type: TABLE; Schema: public; Owner: postgres
--

CREATE TABLE public.django_admin_log (
    id integer NOT NULL,
    action_time timestamp with time zone NOT NULL,
    object_id text,
    object_repr character varying(200) NOT NULL,
    action_flag smallint NOT NULL,
    change_message text NOT NULL,
    content_type_id integer,
    user_id integer NOT NULL,
    CONSTRAINT django_admin_log_action_flag_check CHECK ((action_flag >= 0))
);


ALTER TABLE public.django_admin_log OWNER TO postgres;

--
-- TOC entry 245 (class 1259 OID 93999)
-- Name: django_admin_log_id_seq; Type: SEQUENCE; Schema: public; Owner: postgres
--

ALTER TABLE public.django_admin_log ALTER COLUMN id ADD GENERATED BY DEFAULT AS IDENTITY (
    SEQUENCE NAME public.django_admin_log_id_seq
    START WITH 1
    INCREMENT BY 1
    NO MINVALUE
    NO MAXVALUE
    CACHE 1
);


--
-- TOC entry 232 (class 1259 OID 93900)
-- Name: django_content_type; Type: TABLE; Schema: public; Owner: postgres
--

CREATE TABLE public.django_content_type (
    id integer NOT NULL,
    app_label character varying(100) NOT NULL,
    model character varying(100) NOT NULL
);


ALTER TABLE public.django_content_type OWNER TO postgres;

--
-- TOC entry 231 (class 1259 OID 93899)
-- Name: django_content_type_id_seq; Type: SEQUENCE; Schema: public; Owner: postgres
--

ALTER TABLE public.django_content_type ALTER COLUMN id ADD GENERATED BY DEFAULT AS IDENTITY (
    SEQUENCE NAME public.django_content_type_id_seq
    START WITH 1
    INCREMENT BY 1
    NO MINVALUE
    NO MAXVALUE
    CACHE 1
);


--
-- TOC entry 221 (class 1259 OID 93802)
-- Name: django_migrations; Type: TABLE; Schema: public; Owner: postgres
--

CREATE TABLE public.django_migrations (
    id bigint NOT NULL,
    app character varying(255) NOT NULL,
    name character varying(255) NOT NULL,
    applied timestamp with time zone NOT NULL
);


ALTER TABLE public.django_migrations OWNER TO postgres;

--
-- TOC entry 220 (class 1259 OID 93801)
-- Name: django_migrations_id_seq; Type: SEQUENCE; Schema: public; Owner: postgres
--

ALTER TABLE public.django_migrations ALTER COLUMN id ADD GENERATED BY DEFAULT AS IDENTITY (
    SEQUENCE NAME public.django_migrations_id_seq
    START WITH 1
    INCREMENT BY 1
    NO MINVALUE
    NO MAXVALUE
    CACHE 1
);


--
-- TOC entry 247 (class 1259 OID 94028)
-- Name: django_session; Type: TABLE; Schema: public; Owner: postgres
--

CREATE TABLE public.django_session (
    session_key character varying(40) NOT NULL,
    session_data text NOT NULL,
    expire_date timestamp with time zone NOT NULL
);


ALTER TABLE public.django_session OWNER TO postgres;

--
-- TOC entry 4416 (class 0 OID 93837)
-- Dependencies: 226
-- Data for Name: Superviseur_cam; Type: TABLE DATA; Schema: public; Owner: postgres
--

COPY public."Superviseur_cam" (name_cam, coords_cam, adresse_cam, num_port, rest_de_path, description_cam, custom_url, is_full_rtsp_url, name_project_id) FROM stdin;
c1	0101000020E61000003944DC9C4A3E244031D3F6AFAC9A4240	192.168.1.110	554	/live/main			f	Projet_Bureau
c2	0101000020E610000074EACA67793E2440B1DB6795999A4240	192.168.1.120	554	/live/main			f	Projet_Bureau
c3	0101000020E61000005E488787303E24406893C3279D9A4240	192.168.1.130	554	/live/main			f	Projet_Bureau
test2	0101000020E610000082A8FB00A45E24401AC40776FC714240	192.168.1.110	554	/live/main			f	Projet_TEST
test3	0101000020E61000009ACE4E0647612440CC26C0B0FC714240	192.168.1.8	8080	/h264.sdp			f	Projet_TEST
\.


--
-- TOC entry 4412 (class 0 OID 93809)
-- Dependencies: 222
-- Data for Name: Superviseur_client; Type: TABLE DATA; Schema: public; Owner: postgres
--

COPY public."Superviseur_client" (name_client, pseudo, gender, email, phone_number, profile_picture, description_client) FROM stdin;
WARDI Aymen	WARDI Aymen	M	aymen.wardi@edu.isetcom.tn	56151228		WARDI Aymen
ELJ Wissem	ELJ Wissem	M	wissem.elj@edu.isetcom.tn	52800458		admin123@
\.


--
-- TOC entry 4413 (class 0 OID 93816)
-- Dependencies: 223
-- Data for Name: Superviseur_projet; Type: TABLE DATA; Schema: public; Owner: postgres
--

COPY public."Superviseur_projet" (name_project, ville, contrat_picture, description_projet, pseudo_id) FROM stdin;
Projet_AGIL	Rades		Projet_AGIL	WARDI Aymen
Projet_Bureau	Ras Jebel		azergh	ELJ Wissem
Projet_TEST	Ras Jebel		azerty	WARDI Aymen
\.


--
-- TOC entry 4414 (class 0 OID 93823)
-- Dependencies: 224
-- Data for Name: Superviseur_superviseur; Type: TABLE DATA; Schema: public; Owner: postgres
--

COPY public."Superviseur_superviseur" (name_superviseur, pseudo, gender, email, phone_number, profile_picture, description_superviseur) FROM stdin;
Smart4Green	Smart4Green	O	s4g@gmail.com	14852654		
\.


--
-- TOC entry 4415 (class 0 OID 93830)
-- Dependencies: 225
-- Data for Name: Superviseur_zone; Type: TABLE DATA; Schema: public; Owner: postgres
--

COPY public."Superviseur_zone" (name_zone, coords_polys, description_zone, name_project_id) FROM stdin;
SNDP Carburant	0106000020E610000001000000010300000001000000090000008F72309B009324403C6876DD5B67424001A777F17E942440342C465D6B6742400377A04E79942440C5C9FD0E456742407E8E8F16679424409949D40B3E674240DFDC5F3DEE9324402043C70E2A674240252367614F932440D4D347E00F674240AB7AF99D26932440AE10566309674240394206F2EC9224402B323A20096742408F72309B009324403C6876DD5B674240		Projet_AGIL
Bureau_RJ	0106000020E610000001000000010300000001000000060000001492CCEA1D3E2440CC41D0D1AA9A4240A25EF0694E3E2440774B72C0AE9A4240471FF301813E24404759BF99989A4240569E40D8293E2440B073D3669C9A42403126FDBD143E2440A27A6B60AB9A42401492CCEA1D3E2440CC41D0D1AA9A4240		Projet_Bureau
Sup'Com	0106000020E6100000010000000103000000010000000500000044A67C08AA5E2440A3AF20CD587242409ACE4E064761244078B471C45A72424075E789E76C61244034BC5983F7714240F1457BBC905E24403354C554FA71424044A67C08AA5E2440A3AF20CD58724240		Projet_TEST
\.


--
-- TOC entry 4418 (class 0 OID 93882)
-- Dependencies: 228
-- Data for Name: Test_marker; Type: TABLE DATA; Schema: public; Owner: postgres
--

COPY public."Test_marker" (geomp, marker_id) FROM stdin;
\.


--
-- TOC entry 4420 (class 0 OID 93890)
-- Dependencies: 230
-- Data for Name: Test_multipolygon; Type: TABLE DATA; Schema: public; Owner: postgres
--

COPY public."Test_multipolygon" (geomp, polygon_id) FROM stdin;
\.


--
-- TOC entry 4426 (class 0 OID 93914)
-- Dependencies: 236
-- Data for Name: auth_group; Type: TABLE DATA; Schema: public; Owner: postgres
--

COPY public.auth_group (id, name) FROM stdin;
\.


--
-- TOC entry 4428 (class 0 OID 93922)
-- Dependencies: 238
-- Data for Name: auth_group_permissions; Type: TABLE DATA; Schema: public; Owner: postgres
--

COPY public.auth_group_permissions (id, group_id, permission_id) FROM stdin;
\.


--
-- TOC entry 4424 (class 0 OID 93908)
-- Dependencies: 234
-- Data for Name: auth_permission; Type: TABLE DATA; Schema: public; Owner: postgres
--

COPY public.auth_permission (id, name, content_type_id, codename) FROM stdin;
1	Can add log entry	1	add_logentry
2	Can change log entry	1	change_logentry
3	Can delete log entry	1	delete_logentry
4	Can view log entry	1	view_logentry
5	Can add permission	2	add_permission
6	Can change permission	2	change_permission
7	Can delete permission	2	delete_permission
8	Can view permission	2	view_permission
9	Can add group	3	add_group
10	Can change group	3	change_group
11	Can delete group	3	delete_group
12	Can view group	3	view_group
13	Can add user	4	add_user
14	Can change user	4	change_user
15	Can delete user	4	delete_user
16	Can view user	4	view_user
17	Can add content type	5	add_contenttype
18	Can change content type	5	change_contenttype
19	Can delete content type	5	delete_contenttype
20	Can view content type	5	view_contenttype
21	Can add session	6	add_session
22	Can change session	6	change_session
23	Can delete session	6	delete_session
24	Can view session	6	view_session
25	Can add marker	7	add_marker
26	Can change marker	7	change_marker
27	Can delete marker	7	delete_marker
28	Can view marker	7	view_marker
29	Can add multipolygon	8	add_multipolygon
30	Can change multipolygon	8	change_multipolygon
31	Can delete multipolygon	8	delete_multipolygon
32	Can view multipolygon	8	view_multipolygon
33	Can add client	9	add_client
34	Can change client	9	change_client
35	Can delete client	9	delete_client
36	Can view client	9	view_client
37	Can add projet	10	add_projet
38	Can change projet	10	change_projet
39	Can delete projet	10	delete_projet
40	Can view projet	10	view_projet
41	Can add superviseur	11	add_superviseur
42	Can change superviseur	11	change_superviseur
43	Can delete superviseur	11	delete_superviseur
44	Can view superviseur	11	view_superviseur
45	Can add zone	12	add_zone
46	Can change zone	12	change_zone
47	Can delete zone	12	delete_zone
48	Can view zone	12	view_zone
49	Can add cam	13	add_cam
50	Can change cam	13	change_cam
51	Can delete cam	13	delete_cam
52	Can view cam	13	view_cam
\.


--
-- TOC entry 4430 (class 0 OID 93928)
-- Dependencies: 240
-- Data for Name: auth_user; Type: TABLE DATA; Schema: public; Owner: postgres
--

COPY public.auth_user (id, password, last_login, is_superuser, username, first_name, last_name, email, is_staff, is_active, date_joined) FROM stdin;
8	pbkdf2_sha256$600000$aAnffpuDkaOPJjGculQlHy$kabkxPlS8fC7M3Tgivavbf8Be0f9P2MeekTcl1oTD8w=	2024-03-26 13:11:07.649829+01	f	ELJ Wissem			wissem.elj@edu.isetcom.tn	f	t	2024-03-26 11:52:58.539082+01
1	pbkdf2_sha256$600000$dNSDsw1gx3WN9M1rU7eyFG$gtxmAw6hxaGvghWN3kqV5ulxqyE8Gk93yzGVgnc3Djg=	2024-03-28 02:31:31.11443+01	t	admin				t	t	2024-03-21 00:58:38.655357+01
7	pbkdf2_sha256$600000$WE6zhbSNFxY5poUlyQLqE4$kECcWeCWxKWTnZvicl3TQWB/R5oQhz/Dpr009PEJ8rY=	2024-03-28 11:18:33.977034+01	f	WARDI Aymen			aymen.wardi@edu.isetcom.tn	f	t	2024-03-26 11:43:46.869654+01
6	pbkdf2_sha256$600000$7DeIv42hb6Xi6m6m7B9HwT$O1uIbwGSztPIub7QhWKllx3sFftBmPbegHm2r/dGkiU=	2024-03-29 17:58:21.568717+01	f	Smart4Green				f	t	2024-03-26 11:41:37+01
\.


--
-- TOC entry 4432 (class 0 OID 93936)
-- Dependencies: 242
-- Data for Name: auth_user_groups; Type: TABLE DATA; Schema: public; Owner: postgres
--

COPY public.auth_user_groups (id, user_id, group_id) FROM stdin;
\.


--
-- TOC entry 4434 (class 0 OID 93942)
-- Dependencies: 244
-- Data for Name: auth_user_user_permissions; Type: TABLE DATA; Schema: public; Owner: postgres
--

COPY public.auth_user_user_permissions (id, user_id, permission_id) FROM stdin;
\.


--
-- TOC entry 4436 (class 0 OID 94000)
-- Dependencies: 246
-- Data for Name: django_admin_log; Type: TABLE DATA; Schema: public; Owner: postgres
--

COPY public.django_admin_log (id, action_time, object_id, object_repr, action_flag, change_message, content_type_id, user_id) FROM stdin;
1	2024-03-21 00:59:16.203774+01	2	s4g	1	[{"added": {}}]	4	1
2	2024-03-21 00:59:18.180723+01	2	s4g	2	[]	4	1
3	2024-03-21 00:59:41.753103+01	s4g	s4g	1	[{"added": {}}]	11	1
4	2024-03-21 01:12:40.874031+01	Usine_AGIL	'Usine_AGIL' de la client aymen	3		10	1
5	2024-03-21 01:25:19.905511+01	s4g	s4g	2	[{"changed": {"fields": ["Profile picture"]}}]	11	1
6	2024-03-26 02:27:26.611339+01	aezfgb	'aezfgb' de la client aymen	3		10	1
7	2024-03-26 02:31:05.048412+01	wissem	wissem	3		9	1
8	2024-03-26 02:36:10.974719+01	Bureau	'Bureau' de la client Wissem	3		10	1
9	2024-03-26 02:44:53.741463+01	4	wissem	3		4	1
10	2024-03-26 11:39:23.560459+01	Wissem	Wissem	3		9	1
11	2024-03-26 11:39:23.566457+01	aymen	aymen	3		9	1
12	2024-03-26 11:40:50.4686+01	3	aymen	3		4	1
13	2024-03-26 11:40:50.480536+01	2	s4g	3		4	1
14	2024-03-26 11:40:50.482552+01	5	Wissem	3		4	1
15	2024-03-26 11:40:57.113502+01	s4g	s4g	3		11	1
16	2024-03-26 11:41:37.773911+01	6	Smart4Green	1	[{"added": {}}]	4	1
17	2024-03-26 11:41:41.687503+01	6	Smart4Green	2	[]	4	1
18	2024-03-26 11:42:17.18927+01	Smart4Green	Smart4Green	1	[{"added": {}}]	11	1
19	2024-03-27 11:30:13.359484+01	azerty	azerty from 'Locally' de la client ELJ Wissem	3		13	1
20	2024-03-27 11:30:23.899027+01	Locally	'Locally' de la client ELJ Wissem	3		10	1
21	2024-03-28 02:31:45.596347+01	tet	'tet' de la client WARDI Aymen	3		10	1
\.


--
-- TOC entry 4422 (class 0 OID 93900)
-- Dependencies: 232
-- Data for Name: django_content_type; Type: TABLE DATA; Schema: public; Owner: postgres
--

COPY public.django_content_type (id, app_label, model) FROM stdin;
1	admin	logentry
2	auth	permission
3	auth	group
4	auth	user
5	contenttypes	contenttype
6	sessions	session
7	Test	marker
8	Test	multipolygon
9	Superviseur	client
10	Superviseur	projet
11	Superviseur	superviseur
12	Superviseur	zone
13	Superviseur	cam
\.


--
-- TOC entry 4411 (class 0 OID 93802)
-- Dependencies: 221
-- Data for Name: django_migrations; Type: TABLE DATA; Schema: public; Owner: postgres
--

COPY public.django_migrations (id, app, name, applied) FROM stdin;
1	Superviseur	0001_initial	2024-03-21 00:58:17.840271+01
2	Test	0001_initial	2024-03-21 00:58:17.849588+01
3	Test	0002_marker_multipolygon_delete_myproject	2024-03-21 00:58:17.870586+01
4	Test	0003_rename_point_marker_geomp_remove_marker_name	2024-03-21 00:58:17.874974+01
5	contenttypes	0001_initial	2024-03-21 00:58:17.885026+01
6	auth	0001_initial	2024-03-21 00:58:17.954494+01
7	admin	0001_initial	2024-03-21 00:58:17.974147+01
8	admin	0002_logentry_remove_auto_add	2024-03-21 00:58:17.983146+01
9	admin	0003_logentry_add_action_flag_choices	2024-03-21 00:58:17.991145+01
10	contenttypes	0002_remove_content_type_name	2024-03-21 00:58:18.012734+01
11	auth	0002_alter_permission_name_max_length	2024-03-21 00:58:18.021657+01
12	auth	0003_alter_user_email_max_length	2024-03-21 00:58:18.030656+01
13	auth	0004_alter_user_username_opts	2024-03-21 00:58:18.039462+01
14	auth	0005_alter_user_last_login_null	2024-03-21 00:58:18.048858+01
15	auth	0006_require_contenttypes_0002	2024-03-21 00:58:18.051855+01
16	auth	0007_alter_validators_add_error_messages	2024-03-21 00:58:18.059342+01
17	auth	0008_alter_user_username_max_length	2024-03-21 00:58:18.070964+01
18	auth	0009_alter_user_last_name_max_length	2024-03-21 00:58:18.081968+01
19	auth	0010_alter_group_name_max_length	2024-03-21 00:58:18.091388+01
20	auth	0011_update_proxy_permissions	2024-03-21 00:58:18.104381+01
21	auth	0012_alter_user_first_name_max_length	2024-03-21 00:58:18.112899+01
22	sessions	0001_initial	2024-03-21 00:58:18.123979+01
\.


--
-- TOC entry 4437 (class 0 OID 94028)
-- Dependencies: 247
-- Data for Name: django_session; Type: TABLE DATA; Schema: public; Owner: postgres
--

COPY public.django_session (session_key, session_data, expire_date) FROM stdin;
kltq2fpfclgsfr6hedcnzeirk50tbk9b	.eJxVzM0OwiAQBOB34WwIWH6KR-8-A1l2F6kampT2ZHx3adKDXme-mbeIsK0lbo2XOJG4CC1Ov1kCfHLdC3pAvc8S57ouU5I7kUfb5G0mfl0P-3dQoJW-Nk6hZWSfnUcIPiAbCozKeg_JqqxH6OKMOZPrYDBjypZtGBxS0k58vgXtONc:1rn5pf:sl7oLXbu4VZ3ybUrVDzsiIYnQJl6YRw3CLE505c-gJs	2024-04-04 00:58:55.698199+01
wavxwih4lgvcle8kti6undzwfw5guzsf	.eJxVjEEOgjAQRe_StWmG0g7o0r1nIDOdEVBDDYWV8e4Ww0K3_73_XqajdRm6NevcjWJOxpnD78YU7zptQG409cnGNC3zyHZT7E6zvSTRx3l3_wID5aG8FfhYuWMFdVBuqhCx9UBYM0IoRNihI2p8o4iBEBgEWmIfa_GuvWKJfnPPrKukEsy-N-8PVdc90w:1rn5ro:HRAv2mdvu3NgrGWX6qurepQC31nVsq4fGdjQktUroWY	2024-04-04 01:01:08.428291+01
gy651prbm4yx9cmwl1tghc6svdehad2y	.eJxVjEEOgjAQRe_StWmG0g7o0r1nIDOdEVBDDYWV8e4Ww0K3_73_XqajdRm6NevcjWJOxpnD78YU7zptQG409cnGNC3zyHZT7E6zvSTRx3l3_wID5aG8FfhYuWMFdVBuqhCx9UBYM0IoRNihI2p8o4iBEBgEWmIfa_GuvWKJfnPPrKukEsy-N-8PVdc90w:1roj2R:xfNvSA8r81P7q1GBNw4zmruNkG3vQYBae3RNVVM94x4	2024-04-08 13:02:51.130267+01
zekulov79uyo3vyafj13id6ygvkhewrc	.eJxVjEEOgjAQRe_StWmG0g7o0r1nIDOdEVBDDYWV8e4Ww0K3_73_XqajdRm6NevcjWJOxpnD78YU7zptQG409cnGNC3zyHZT7E6zvSTRx3l3_wID5aG8FfhYuWMFdVBuqhCx9UBYM0IoRNihI2p8o4iBEBgEWmIfa_GuvWKJfnPPrKukEsy-N-8PVdc90w:1romVn:eGeREZ4BhOzeDWwtMDt6FaNlC0ZQIQ-7YTI954xCr4I	2024-04-08 16:45:23.565792+01
qxbhksgrdxrv4530xkafnd8tkpv1s7ip	.eJxVjEEOgjAQRe_StWmG0g7o0r1nIDOdEVBDDYWV8e4Ww0K3_73_XqajdRm6NevcjWJOxpnD78YU7zptQG409cnGNC3zyHZT7E6zvSTRx3l3_wID5aG8FfhYuWMFdVBuqhCx9UBYM0IoRNihI2p8o4iBEBgEWmIfa_GuvWKJfnPPrKukEsy-N-8PVdc90w:1rosQ9:DAIKIBQ-hQvqayPcQLcW8cdxon5y1vfeQSjCq_XSVPs	2024-04-08 23:03:57.574973+01
c9kwtn33rlz0p0b48kbzzidiw2p1mzbk	.eJxVjEEOgjAQRe_StWmG0g7o0r1nIDOdEVBDDYWV8e4Ww0K3_73_XqajdRm6NevcjWJOxpnD78YU7zptQG409cnGNC3zyHZT7E6zvSTRx3l3_wID5aG8FfhYuWMFdVBuqhCx9UBYM0IoRNihI2p8o4iBEBgEWmIfa_GuvWKJfnPPrKukEsy-N-8PVdc90w:1rot04:tba0gcq1AE2IjUJs1mNzhO8jr2YNYIIt6ayi25LbH4E	2024-04-08 23:41:04.547855+01
mmem1vbzn04sblymj6xr0cgv7yygdmx8	.eJxVjMsOgjAQRf-la9MA06mjS_d-A5m2U8FHSygsjPHfBcNCt_ece16q5Xnq2rnI2PZBHRWo3e_m2N8krSBcOV2y9jlNY-_0quiNFn3OQe6nzf0LdFy65c0GnbdIAeqGRIRQDgaYoOG4RzCm8jbWTbRR0LMTAyDExICWDHK1RL-5ocgc8hp8PiSp9wcJnT-Q:1rot2S:-WYWdo7vu0kPvWrasF7zZyqakL2SeU9IuW5TF3HSlKM	2024-04-08 23:43:32.168137+01
gj5a8iq8dqb49u2cakri6rv4jyknrfhl	.eJxVjMsOgjAQRf-la9MA06mjS_d-A5m2U8FHSygsjPHfBcNCt_ece16q5Xnq2rnI2PZBHRWo3e_m2N8krSBcOV2y9jlNY-_0quiNFn3OQe6nzf0LdFy65c0GnbdIAeqGRIRQDgaYoOG4RzCm8jbWTbRR0LMTAyDExICWDHK1RL-5ocgc8hp8PiSp9wcJnT-Q:1rotC9:Yt-lWZUpQepsUdWTQHjqztwphQKmnu1do7rsEIvvLFY	2024-04-08 23:53:33.070392+01
6bcsasxou1omcdfjt7omomvqx7b9xlw3	.eJxVjEEOgjAQRe_StWmG0g7o0r1nIDOdEVBDDYWV8e4Ww0K3_73_XqajdRm6NevcjWJOxpnD78YU7zptQG409cnGNC3zyHZT7E6zvSTRx3l3_wID5aG8FfhYuWMFdVBuqhCx9UBYM0IoRNihI2p8o4iBEBgEWmIfa_GuvWKJfnPPrKukEsy-N-8PVdc90w:1rotHG:nJYpLOIre4GlEzp-ufjsTpflrbeTIMs3jIBa96lN-jU	2024-04-08 23:58:50.01819+01
r5mvmp806axiy615gprl00d85n1r1uvy	.eJxVjEEOgjAQRe_StWmG0g7o0r1nIDOdEVBDDYWV8e4Ww0K3_73_XqajdRm6NevcjWJOxpnD78YU7zptQG409cnGNC3zyHZT7E6zvSTRx3l3_wID5aG8FfhYuWMFdVBuqhCx9UBYM0IoRNihI2p8o4iBEBgEWmIfa_GuvWKJfnPPrKukEsy-N-8PVdc90w:1rotKI:4viWvNdpA_jSSGA0BRbvkMQYIcWwIeXncB28SkneiCw	2024-04-09 00:01:58.872832+01
kf25djd4q1z9i4w4bbp3xatjb0xade2p	.eJxVjEEOgjAQRe_StWmG0g7o0r1nIDOdEVBDDYWV8e4Ww0K3_73_XqajdRm6NevcjWJOxpnD78YU7zptQG409cnGNC3zyHZT7E6zvSTRx3l3_wID5aG8FfhYuWMFdVBuqhCx9UBYM0IoRNihI2p8o4iBEBgEWmIfa_GuvWKJfnPPrKukEsy-N-8PVdc90w:1rouFo:psnNOTBBU9LTMrxwpXryKz8rnuT7F2KvhajEOzs9KZw	2024-04-09 01:01:24.631863+01
rmvgkfgp43tlrjp2kxslueuk25i3z9mr	.eJxVjEEOgjAQRe_StWmG0g7o0r1nIDOdEVBDDYWV8e4Ww0K3_73_XqajdRm6NevcjWJOxpnD78YU7zptQG409cnGNC3zyHZT7E6zvSTRx3l3_wID5aG8FfhYuWMFdVBuqhCx9UBYM0IoRNihI2p8o4iBEBgEWmIfa_GuvWKJfnPPrKukEsy-N-8PVdc90w:1rovM3:Nykj5CTfhXruGmiXF5Dh33xTj_YNI1A2eZqfaGlIuHs	2024-04-09 02:11:55.834812+01
1muy3azfoiibrle37d9rv6953rfqhtk7	.eJxVjEEOgjAQRe_StWmG0g7o0r1nIDOdEVBDDYWV8e4Ww0K3_73_XqajdRm6NevcjWJOxpnD78YU7zptQG409cnGNC3zyHZT7E6zvSTRx3l3_wID5aG8FfhYuWMFdVBuqhCx9UBYM0IoRNihI2p8o4iBEBgEWmIfa_GuvWKJfnPPrKukEsy-N-8PVdc90w:1rovMS:5jnwfNfB0JxuwQKGKDDpnvVs0fnTKo7jz_x0wt-7VsQ	2024-04-09 02:12:20.165856+01
bh91r5cefdu1gms634ktyz2wuktsuh8s	.eJxVzM0OwiAQBOB34WwIWH6KR-8-A1l2F6kampT2ZHx3adKDXme-mbeIsK0lbo2XOJG4CC1Ov1kCfHLdC3pAvc8S57ouU5I7kUfb5G0mfl0P-3dQoJW-Nk6hZWSfnUcIPiAbCozKeg_JqqxH6OKMOZPrYDBjypZtGBxS0k58vgXtONc:1rpQXe:t9PEpBQaI21wAIYo0NBoXNFQwt9prT5MsZLIHCHUrLA	2024-04-10 11:29:58.964907+01
8ge5y42ig45sntvoxqonoevzvpym98wi	.eJxVzDsSwiAUheG9UDsMzwQsbaysXEAGuBcTH-BAqBz3buKk0Pb8Z74XGVybx6FVLMMEZE86svvdvAs3TGuAq0uXTENOc5k8XS90q5WeMuD9sH3_gNHVcWWZDsFoYbVhfeA89pIJ7dDqzivbGS5kDMooDT0Hw6Ng0jEADgpktN4s6Jd7VmyQF_D8cGVWx4KYyPsDPnBAtA:1rpeo0:Q08Ex2B56tT12X2szhqDk-xdu7Hnd9LNlGCPEvVBHfQ	2024-04-11 02:43:48.367694+01
94mvewvezpdrlcry8o1zrpu3akzrcoln	.eJxVzDsSwiAUheG9UDsMzwQsbaysXEAGuBcTH-BAqBz3buKk0Pb8Z74XGVybx6FVLMMEZE86svvdvAs3TGuAq0uXTENOc5k8XS90q5WeMuD9sH3_gNHVcWWZDsFoYbVhfeA89pIJ7dDqzivbGS5kDMooDT0Hw6Ng0jEADgpktN4s6Jd7VmyQF_D8cGVWx4KYyPsDPnBAtA:1rpmrR:AIWc4n7ThM3DhIOG_kf9-WxhPyGmbJXyDCWkY0l1pLY	2024-04-11 11:19:53.734732+01
cbzqghvb4blvaysiepdux12hc0eyvsuw	.eJxVzDsSwiAUheG9UDsMzwQsbaysXEAGuBcTH-BAqBz3buKk0Pb8Z74XGVybx6FVLMMEZE86svvdvAs3TGuAq0uXTENOc5k8XS90q5WeMuD9sH3_gNHVcWWZDsFoYbVhfeA89pIJ7dDqzivbGS5kDMooDT0Hw6Ng0jEADgpktN4s6Jd7VmyQF_D8cGVWx4KYyPsDPnBAtA:1rqCcl:bWrHBLTA6zhtwx0CQcsElbzgavXifXL6QVMsy24HqCg	2024-04-12 14:50:27.859017+01
pbn4x36m73pen6udl2hhj4xp7e230i6y	.eJxVzDsSwiAUheG9UDsMzwQsbaysXEAGuBcTH-BAqBz3buKk0Pb8Z74XGVybx6FVLMMEZE86svvdvAs3TGuAq0uXTENOc5k8XS90q5WeMuD9sH3_gNHVcWWZDsFoYbVhfeA89pIJ7dDqzivbGS5kDMooDT0Hw6Ng0jEADgpktN4s6Jd7VmyQF_D8cGVWx4KYyPsDPnBAtA:1rqDy8:9UPI9kSwQatkozhAQioBucEoZJmCIO670JY97ImJwAU	2024-04-12 16:16:36.550072+01
vu6g6oa091ldsq5tsxixa63viqywps4i	.eJxVjMsOgjAQRf-la9MA06mjS_d-A5m2U8FHSygsjPHfBcNCt_ece16q5Xnq2rnI2PZBHRWo3e_m2N8krSBcOV2y9jlNY-_0quiNFn3OQe6nzf0LdFy65c0GnbdIAeqGRIRQDgaYoOG4RzCm8jbWTbRR0LMTAyDExICWDHK1RL-5ocgc8hp8PiSp9wcJnT-Q:1rowG9:CXWtihidpMAXEddpU81owKpOgt7EqFjjuoxSFyoiZZ0	2024-04-09 03:09:53.237652+01
72x0jvm99s1moiggfji8pc4ne0nynxgx	.eJxVzDsSwiAUheG9UDsMzwQsbaysXEAGuBcTH-BAqBz3buKk0Pb8Z74XGVybx6FVLMMEZE86svvdvAs3TGuAq0uXTENOc5k8XS90q5WeMuD9sH3_gNHVcWWZDsFoYbVhfeA89pIJ7dDqzivbGS5kDMooDT0Hw6Ng0jEADgpktN4s6Jd7VmyQF_D8cGVWx4KYyPsDPnBAtA:1rqFYb:2j5k13Drn7lZfli8E__zYfZyHLAtPJteAuXNyRMP3is	2024-04-12 17:58:21.58538+01
\.


--
-- TOC entry 4170 (class 0 OID 93043)
-- Dependencies: 216
-- Data for Name: spatial_ref_sys; Type: TABLE DATA; Schema: public; Owner: postgres
--

COPY public.spatial_ref_sys (srid, auth_name, auth_srid, srtext, proj4text) FROM stdin;
\.


--
-- TOC entry 4444 (class 0 OID 0)
-- Dependencies: 227
-- Name: Test_marker_marker_id_seq; Type: SEQUENCE SET; Schema: public; Owner: postgres
--

SELECT pg_catalog.setval('public."Test_marker_marker_id_seq"', 1, false);


--
-- TOC entry 4445 (class 0 OID 0)
-- Dependencies: 229
-- Name: Test_multipolygon_polygon_id_seq; Type: SEQUENCE SET; Schema: public; Owner: postgres
--

SELECT pg_catalog.setval('public."Test_multipolygon_polygon_id_seq"', 1, false);


--
-- TOC entry 4446 (class 0 OID 0)
-- Dependencies: 235
-- Name: auth_group_id_seq; Type: SEQUENCE SET; Schema: public; Owner: postgres
--

SELECT pg_catalog.setval('public.auth_group_id_seq', 1, false);


--
-- TOC entry 4447 (class 0 OID 0)
-- Dependencies: 237
-- Name: auth_group_permissions_id_seq; Type: SEQUENCE SET; Schema: public; Owner: postgres
--

SELECT pg_catalog.setval('public.auth_group_permissions_id_seq', 1, false);


--
-- TOC entry 4448 (class 0 OID 0)
-- Dependencies: 233
-- Name: auth_permission_id_seq; Type: SEQUENCE SET; Schema: public; Owner: postgres
--

SELECT pg_catalog.setval('public.auth_permission_id_seq', 52, true);


--
-- TOC entry 4449 (class 0 OID 0)
-- Dependencies: 241
-- Name: auth_user_groups_id_seq; Type: SEQUENCE SET; Schema: public; Owner: postgres
--

SELECT pg_catalog.setval('public.auth_user_groups_id_seq', 1, false);


--
-- TOC entry 4450 (class 0 OID 0)
-- Dependencies: 239
-- Name: auth_user_id_seq; Type: SEQUENCE SET; Schema: public; Owner: postgres
--

SELECT pg_catalog.setval('public.auth_user_id_seq', 8, true);


--
-- TOC entry 4451 (class 0 OID 0)
-- Dependencies: 243
-- Name: auth_user_user_permissions_id_seq; Type: SEQUENCE SET; Schema: public; Owner: postgres
--

SELECT pg_catalog.setval('public.auth_user_user_permissions_id_seq', 1, false);


--
-- TOC entry 4452 (class 0 OID 0)
-- Dependencies: 245
-- Name: django_admin_log_id_seq; Type: SEQUENCE SET; Schema: public; Owner: postgres
--

SELECT pg_catalog.setval('public.django_admin_log_id_seq', 21, true);


--
-- TOC entry 4453 (class 0 OID 0)
-- Dependencies: 231
-- Name: django_content_type_id_seq; Type: SEQUENCE SET; Schema: public; Owner: postgres
--

SELECT pg_catalog.setval('public.django_content_type_id_seq', 13, true);


--
-- TOC entry 4454 (class 0 OID 0)
-- Dependencies: 220
-- Name: django_migrations_id_seq; Type: SEQUENCE SET; Schema: public; Owner: postgres
--

SELECT pg_catalog.setval('public.django_migrations_id_seq', 22, true);


--
-- TOC entry 4199 (class 2606 OID 93843)
-- Name: Superviseur_cam Superviseur_cam_pkey; Type: CONSTRAINT; Schema: public; Owner: postgres
--

ALTER TABLE ONLY public."Superviseur_cam"
    ADD CONSTRAINT "Superviseur_cam_pkey" PRIMARY KEY (name_cam);


--
-- TOC entry 4178 (class 2606 OID 93815)
-- Name: Superviseur_client Superviseur_client_pkey; Type: CONSTRAINT; Schema: public; Owner: postgres
--

ALTER TABLE ONLY public."Superviseur_client"
    ADD CONSTRAINT "Superviseur_client_pkey" PRIMARY KEY (pseudo);


--
-- TOC entry 4182 (class 2606 OID 93822)
-- Name: Superviseur_projet Superviseur_projet_pkey; Type: CONSTRAINT; Schema: public; Owner: postgres
--

ALTER TABLE ONLY public."Superviseur_projet"
    ADD CONSTRAINT "Superviseur_projet_pkey" PRIMARY KEY (name_project);


--
-- TOC entry 4186 (class 2606 OID 93829)
-- Name: Superviseur_superviseur Superviseur_superviseur_pkey; Type: CONSTRAINT; Schema: public; Owner: postgres
--

ALTER TABLE ONLY public."Superviseur_superviseur"
    ADD CONSTRAINT "Superviseur_superviseur_pkey" PRIMARY KEY (pseudo);


--
-- TOC entry 4193 (class 2606 OID 93836)
-- Name: Superviseur_zone Superviseur_zone_pkey; Type: CONSTRAINT; Schema: public; Owner: postgres
--

ALTER TABLE ONLY public."Superviseur_zone"
    ADD CONSTRAINT "Superviseur_zone_pkey" PRIMARY KEY (name_zone);


--
-- TOC entry 4201 (class 2606 OID 93888)
-- Name: Test_marker Test_marker_pkey; Type: CONSTRAINT; Schema: public; Owner: postgres
--

ALTER TABLE ONLY public."Test_marker"
    ADD CONSTRAINT "Test_marker_pkey" PRIMARY KEY (marker_id);


--
-- TOC entry 4205 (class 2606 OID 93896)
-- Name: Test_multipolygon Test_multipolygon_pkey; Type: CONSTRAINT; Schema: public; Owner: postgres
--

ALTER TABLE ONLY public."Test_multipolygon"
    ADD CONSTRAINT "Test_multipolygon_pkey" PRIMARY KEY (polygon_id);


--
-- TOC entry 4217 (class 2606 OID 94026)
-- Name: auth_group auth_group_name_key; Type: CONSTRAINT; Schema: public; Owner: postgres
--

ALTER TABLE ONLY public.auth_group
    ADD CONSTRAINT auth_group_name_key UNIQUE (name);


--
-- TOC entry 4222 (class 2606 OID 93957)
-- Name: auth_group_permissions auth_group_permissions_group_id_permission_id_0cd325b0_uniq; Type: CONSTRAINT; Schema: public; Owner: postgres
--

ALTER TABLE ONLY public.auth_group_permissions
    ADD CONSTRAINT auth_group_permissions_group_id_permission_id_0cd325b0_uniq UNIQUE (group_id, permission_id);


--
-- TOC entry 4225 (class 2606 OID 93926)
-- Name: auth_group_permissions auth_group_permissions_pkey; Type: CONSTRAINT; Schema: public; Owner: postgres
--

ALTER TABLE ONLY public.auth_group_permissions
    ADD CONSTRAINT auth_group_permissions_pkey PRIMARY KEY (id);


--
-- TOC entry 4219 (class 2606 OID 93918)
-- Name: auth_group auth_group_pkey; Type: CONSTRAINT; Schema: public; Owner: postgres
--

ALTER TABLE ONLY public.auth_group
    ADD CONSTRAINT auth_group_pkey PRIMARY KEY (id);


--
-- TOC entry 4212 (class 2606 OID 93948)
-- Name: auth_permission auth_permission_content_type_id_codename_01ab375a_uniq; Type: CONSTRAINT; Schema: public; Owner: postgres
--

ALTER TABLE ONLY public.auth_permission
    ADD CONSTRAINT auth_permission_content_type_id_codename_01ab375a_uniq UNIQUE (content_type_id, codename);


--
-- TOC entry 4214 (class 2606 OID 93912)
-- Name: auth_permission auth_permission_pkey; Type: CONSTRAINT; Schema: public; Owner: postgres
--

ALTER TABLE ONLY public.auth_permission
    ADD CONSTRAINT auth_permission_pkey PRIMARY KEY (id);


--
-- TOC entry 4233 (class 2606 OID 93940)
-- Name: auth_user_groups auth_user_groups_pkey; Type: CONSTRAINT; Schema: public; Owner: postgres
--

ALTER TABLE ONLY public.auth_user_groups
    ADD CONSTRAINT auth_user_groups_pkey PRIMARY KEY (id);


--
-- TOC entry 4236 (class 2606 OID 93972)
-- Name: auth_user_groups auth_user_groups_user_id_group_id_94350c0c_uniq; Type: CONSTRAINT; Schema: public; Owner: postgres
--

ALTER TABLE ONLY public.auth_user_groups
    ADD CONSTRAINT auth_user_groups_user_id_group_id_94350c0c_uniq UNIQUE (user_id, group_id);


--
-- TOC entry 4227 (class 2606 OID 93932)
-- Name: auth_user auth_user_pkey; Type: CONSTRAINT; Schema: public; Owner: postgres
--

ALTER TABLE ONLY public.auth_user
    ADD CONSTRAINT auth_user_pkey PRIMARY KEY (id);


--
-- TOC entry 4239 (class 2606 OID 93946)
-- Name: auth_user_user_permissions auth_user_user_permissions_pkey; Type: CONSTRAINT; Schema: public; Owner: postgres
--

ALTER TABLE ONLY public.auth_user_user_permissions
    ADD CONSTRAINT auth_user_user_permissions_pkey PRIMARY KEY (id);


--
-- TOC entry 4242 (class 2606 OID 93986)
-- Name: auth_user_user_permissions auth_user_user_permissions_user_id_permission_id_14a6b632_uniq; Type: CONSTRAINT; Schema: public; Owner: postgres
--

ALTER TABLE ONLY public.auth_user_user_permissions
    ADD CONSTRAINT auth_user_user_permissions_user_id_permission_id_14a6b632_uniq UNIQUE (user_id, permission_id);


--
-- TOC entry 4230 (class 2606 OID 94021)
-- Name: auth_user auth_user_username_key; Type: CONSTRAINT; Schema: public; Owner: postgres
--

ALTER TABLE ONLY public.auth_user
    ADD CONSTRAINT auth_user_username_key UNIQUE (username);


--
-- TOC entry 4245 (class 2606 OID 94007)
-- Name: django_admin_log django_admin_log_pkey; Type: CONSTRAINT; Schema: public; Owner: postgres
--

ALTER TABLE ONLY public.django_admin_log
    ADD CONSTRAINT django_admin_log_pkey PRIMARY KEY (id);


--
-- TOC entry 4207 (class 2606 OID 93906)
-- Name: django_content_type django_content_type_app_label_model_76bd3d3b_uniq; Type: CONSTRAINT; Schema: public; Owner: postgres
--

ALTER TABLE ONLY public.django_content_type
    ADD CONSTRAINT django_content_type_app_label_model_76bd3d3b_uniq UNIQUE (app_label, model);


--
-- TOC entry 4209 (class 2606 OID 93904)
-- Name: django_content_type django_content_type_pkey; Type: CONSTRAINT; Schema: public; Owner: postgres
--

ALTER TABLE ONLY public.django_content_type
    ADD CONSTRAINT django_content_type_pkey PRIMARY KEY (id);


--
-- TOC entry 4176 (class 2606 OID 93808)
-- Name: django_migrations django_migrations_pkey; Type: CONSTRAINT; Schema: public; Owner: postgres
--

ALTER TABLE ONLY public.django_migrations
    ADD CONSTRAINT django_migrations_pkey PRIMARY KEY (id);


--
-- TOC entry 4249 (class 2606 OID 94034)
-- Name: django_session django_session_pkey; Type: CONSTRAINT; Schema: public; Owner: postgres
--

ALTER TABLE ONLY public.django_session
    ADD CONSTRAINT django_session_pkey PRIMARY KEY (session_key);


--
-- TOC entry 4194 (class 1259 OID 93869)
-- Name: Superviseur_cam_coords_cam_88f65118_id; Type: INDEX; Schema: public; Owner: postgres
--

CREATE INDEX "Superviseur_cam_coords_cam_88f65118_id" ON public."Superviseur_cam" USING gist (coords_cam);


--
-- TOC entry 4195 (class 1259 OID 93868)
-- Name: Superviseur_cam_name_cam_f118dba4_like; Type: INDEX; Schema: public; Owner: postgres
--

CREATE INDEX "Superviseur_cam_name_cam_f118dba4_like" ON public."Superviseur_cam" USING btree (name_cam varchar_pattern_ops);


--
-- TOC entry 4196 (class 1259 OID 93870)
-- Name: Superviseur_cam_name_project_id_aad0e26f; Type: INDEX; Schema: public; Owner: postgres
--

CREATE INDEX "Superviseur_cam_name_project_id_aad0e26f" ON public."Superviseur_cam" USING btree (name_project_id);


--
-- TOC entry 4197 (class 1259 OID 93871)
-- Name: Superviseur_cam_name_project_id_aad0e26f_like; Type: INDEX; Schema: public; Owner: postgres
--

CREATE INDEX "Superviseur_cam_name_project_id_aad0e26f_like" ON public."Superviseur_cam" USING btree (name_project_id varchar_pattern_ops);


--
-- TOC entry 4179 (class 1259 OID 93844)
-- Name: Superviseur_client_pseudo_097dbac4_like; Type: INDEX; Schema: public; Owner: postgres
--

CREATE INDEX "Superviseur_client_pseudo_097dbac4_like" ON public."Superviseur_client" USING btree (pseudo varchar_pattern_ops);


--
-- TOC entry 4180 (class 1259 OID 93850)
-- Name: Superviseur_projet_name_project_a6f14834_like; Type: INDEX; Schema: public; Owner: postgres
--

CREATE INDEX "Superviseur_projet_name_project_a6f14834_like" ON public."Superviseur_projet" USING btree (name_project varchar_pattern_ops);


--
-- TOC entry 4183 (class 1259 OID 93851)
-- Name: Superviseur_projet_pseudo_id_35793b6c; Type: INDEX; Schema: public; Owner: postgres
--

CREATE INDEX "Superviseur_projet_pseudo_id_35793b6c" ON public."Superviseur_projet" USING btree (pseudo_id);


--
-- TOC entry 4184 (class 1259 OID 93852)
-- Name: Superviseur_projet_pseudo_id_35793b6c_like; Type: INDEX; Schema: public; Owner: postgres
--

CREATE INDEX "Superviseur_projet_pseudo_id_35793b6c_like" ON public."Superviseur_projet" USING btree (pseudo_id varchar_pattern_ops);


--
-- TOC entry 4187 (class 1259 OID 93853)
-- Name: Superviseur_superviseur_pseudo_12a7695a_like; Type: INDEX; Schema: public; Owner: postgres
--

CREATE INDEX "Superviseur_superviseur_pseudo_12a7695a_like" ON public."Superviseur_superviseur" USING btree (pseudo varchar_pattern_ops);


--
-- TOC entry 4188 (class 1259 OID 93860)
-- Name: Superviseur_zone_coords_polys_6f188a46_id; Type: INDEX; Schema: public; Owner: postgres
--

CREATE INDEX "Superviseur_zone_coords_polys_6f188a46_id" ON public."Superviseur_zone" USING gist (coords_polys);


--
-- TOC entry 4189 (class 1259 OID 93861)
-- Name: Superviseur_zone_name_project_id_8c5bd9e0; Type: INDEX; Schema: public; Owner: postgres
--

CREATE INDEX "Superviseur_zone_name_project_id_8c5bd9e0" ON public."Superviseur_zone" USING btree (name_project_id);


--
-- TOC entry 4190 (class 1259 OID 93862)
-- Name: Superviseur_zone_name_project_id_8c5bd9e0_like; Type: INDEX; Schema: public; Owner: postgres
--

CREATE INDEX "Superviseur_zone_name_project_id_8c5bd9e0_like" ON public."Superviseur_zone" USING btree (name_project_id varchar_pattern_ops);


--
-- TOC entry 4191 (class 1259 OID 93859)
-- Name: Superviseur_zone_name_zone_14a20901_like; Type: INDEX; Schema: public; Owner: postgres
--

CREATE INDEX "Superviseur_zone_name_zone_14a20901_like" ON public."Superviseur_zone" USING btree (name_zone varchar_pattern_ops);


--
-- TOC entry 4202 (class 1259 OID 93897)
-- Name: Test_marker_point_fe77b76d_id; Type: INDEX; Schema: public; Owner: postgres
--

CREATE INDEX "Test_marker_point_fe77b76d_id" ON public."Test_marker" USING gist (geomp);


--
-- TOC entry 4203 (class 1259 OID 93898)
-- Name: Test_multipolygon_geomp_b2239022_id; Type: INDEX; Schema: public; Owner: postgres
--

CREATE INDEX "Test_multipolygon_geomp_b2239022_id" ON public."Test_multipolygon" USING gist (geomp);


--
-- TOC entry 4215 (class 1259 OID 94027)
-- Name: auth_group_name_a6ea08ec_like; Type: INDEX; Schema: public; Owner: postgres
--

CREATE INDEX auth_group_name_a6ea08ec_like ON public.auth_group USING btree (name varchar_pattern_ops);


--
-- TOC entry 4220 (class 1259 OID 93968)
-- Name: auth_group_permissions_group_id_b120cbf9; Type: INDEX; Schema: public; Owner: postgres
--

CREATE INDEX auth_group_permissions_group_id_b120cbf9 ON public.auth_group_permissions USING btree (group_id);


--
-- TOC entry 4223 (class 1259 OID 93969)
-- Name: auth_group_permissions_permission_id_84c5c92e; Type: INDEX; Schema: public; Owner: postgres
--

CREATE INDEX auth_group_permissions_permission_id_84c5c92e ON public.auth_group_permissions USING btree (permission_id);


--
-- TOC entry 4210 (class 1259 OID 93954)
-- Name: auth_permission_content_type_id_2f476e4b; Type: INDEX; Schema: public; Owner: postgres
--

CREATE INDEX auth_permission_content_type_id_2f476e4b ON public.auth_permission USING btree (content_type_id);


--
-- TOC entry 4231 (class 1259 OID 93984)
-- Name: auth_user_groups_group_id_97559544; Type: INDEX; Schema: public; Owner: postgres
--

CREATE INDEX auth_user_groups_group_id_97559544 ON public.auth_user_groups USING btree (group_id);


--
-- TOC entry 4234 (class 1259 OID 93983)
-- Name: auth_user_groups_user_id_6a12ed8b; Type: INDEX; Schema: public; Owner: postgres
--

CREATE INDEX auth_user_groups_user_id_6a12ed8b ON public.auth_user_groups USING btree (user_id);


--
-- TOC entry 4237 (class 1259 OID 93998)
-- Name: auth_user_user_permissions_permission_id_1fbb5f2c; Type: INDEX; Schema: public; Owner: postgres
--

CREATE INDEX auth_user_user_permissions_permission_id_1fbb5f2c ON public.auth_user_user_permissions USING btree (permission_id);


--
-- TOC entry 4240 (class 1259 OID 93997)
-- Name: auth_user_user_permissions_user_id_a95ead1b; Type: INDEX; Schema: public; Owner: postgres
--

CREATE INDEX auth_user_user_permissions_user_id_a95ead1b ON public.auth_user_user_permissions USING btree (user_id);


--
-- TOC entry 4228 (class 1259 OID 94022)
-- Name: auth_user_username_6821ab7c_like; Type: INDEX; Schema: public; Owner: postgres
--

CREATE INDEX auth_user_username_6821ab7c_like ON public.auth_user USING btree (username varchar_pattern_ops);


--
-- TOC entry 4243 (class 1259 OID 94018)
-- Name: django_admin_log_content_type_id_c4bce8eb; Type: INDEX; Schema: public; Owner: postgres
--

CREATE INDEX django_admin_log_content_type_id_c4bce8eb ON public.django_admin_log USING btree (content_type_id);


--
-- TOC entry 4246 (class 1259 OID 94019)
-- Name: django_admin_log_user_id_c564eba6; Type: INDEX; Schema: public; Owner: postgres
--

CREATE INDEX django_admin_log_user_id_c564eba6 ON public.django_admin_log USING btree (user_id);


--
-- TOC entry 4247 (class 1259 OID 94036)
-- Name: django_session_expire_date_a5c62663; Type: INDEX; Schema: public; Owner: postgres
--

CREATE INDEX django_session_expire_date_a5c62663 ON public.django_session USING btree (expire_date);


--
-- TOC entry 4250 (class 1259 OID 94035)
-- Name: django_session_session_key_c0390e0f_like; Type: INDEX; Schema: public; Owner: postgres
--

CREATE INDEX django_session_session_key_c0390e0f_like ON public.django_session USING btree (session_key varchar_pattern_ops);


--
-- TOC entry 4253 (class 2606 OID 93863)
-- Name: Superviseur_cam Superviseur_cam_name_project_id_aad0e26f_fk_Supervise; Type: FK CONSTRAINT; Schema: public; Owner: postgres
--

ALTER TABLE ONLY public."Superviseur_cam"
    ADD CONSTRAINT "Superviseur_cam_name_project_id_aad0e26f_fk_Supervise" FOREIGN KEY (name_project_id) REFERENCES public."Superviseur_projet"(name_project) DEFERRABLE INITIALLY DEFERRED;


--
-- TOC entry 4251 (class 2606 OID 93845)
-- Name: Superviseur_projet Superviseur_projet_pseudo_id_35793b6c_fk_Supervise; Type: FK CONSTRAINT; Schema: public; Owner: postgres
--

ALTER TABLE ONLY public."Superviseur_projet"
    ADD CONSTRAINT "Superviseur_projet_pseudo_id_35793b6c_fk_Supervise" FOREIGN KEY (pseudo_id) REFERENCES public."Superviseur_client"(pseudo) DEFERRABLE INITIALLY DEFERRED;


--
-- TOC entry 4252 (class 2606 OID 93854)
-- Name: Superviseur_zone Superviseur_zone_name_project_id_8c5bd9e0_fk_Supervise; Type: FK CONSTRAINT; Schema: public; Owner: postgres
--

ALTER TABLE ONLY public."Superviseur_zone"
    ADD CONSTRAINT "Superviseur_zone_name_project_id_8c5bd9e0_fk_Supervise" FOREIGN KEY (name_project_id) REFERENCES public."Superviseur_projet"(name_project) DEFERRABLE INITIALLY DEFERRED;


--
-- TOC entry 4255 (class 2606 OID 93963)
-- Name: auth_group_permissions auth_group_permissio_permission_id_84c5c92e_fk_auth_perm; Type: FK CONSTRAINT; Schema: public; Owner: postgres
--

ALTER TABLE ONLY public.auth_group_permissions
    ADD CONSTRAINT auth_group_permissio_permission_id_84c5c92e_fk_auth_perm FOREIGN KEY (permission_id) REFERENCES public.auth_permission(id) DEFERRABLE INITIALLY DEFERRED;


--
-- TOC entry 4256 (class 2606 OID 93958)
-- Name: auth_group_permissions auth_group_permissions_group_id_b120cbf9_fk_auth_group_id; Type: FK CONSTRAINT; Schema: public; Owner: postgres
--

ALTER TABLE ONLY public.auth_group_permissions
    ADD CONSTRAINT auth_group_permissions_group_id_b120cbf9_fk_auth_group_id FOREIGN KEY (group_id) REFERENCES public.auth_group(id) DEFERRABLE INITIALLY DEFERRED;


--
-- TOC entry 4254 (class 2606 OID 93949)
-- Name: auth_permission auth_permission_content_type_id_2f476e4b_fk_django_co; Type: FK CONSTRAINT; Schema: public; Owner: postgres
--

ALTER TABLE ONLY public.auth_permission
    ADD CONSTRAINT auth_permission_content_type_id_2f476e4b_fk_django_co FOREIGN KEY (content_type_id) REFERENCES public.django_content_type(id) DEFERRABLE INITIALLY DEFERRED;


--
-- TOC entry 4257 (class 2606 OID 93978)
-- Name: auth_user_groups auth_user_groups_group_id_97559544_fk_auth_group_id; Type: FK CONSTRAINT; Schema: public; Owner: postgres
--

ALTER TABLE ONLY public.auth_user_groups
    ADD CONSTRAINT auth_user_groups_group_id_97559544_fk_auth_group_id FOREIGN KEY (group_id) REFERENCES public.auth_group(id) DEFERRABLE INITIALLY DEFERRED;


--
-- TOC entry 4258 (class 2606 OID 93973)
-- Name: auth_user_groups auth_user_groups_user_id_6a12ed8b_fk_auth_user_id; Type: FK CONSTRAINT; Schema: public; Owner: postgres
--

ALTER TABLE ONLY public.auth_user_groups
    ADD CONSTRAINT auth_user_groups_user_id_6a12ed8b_fk_auth_user_id FOREIGN KEY (user_id) REFERENCES public.auth_user(id) DEFERRABLE INITIALLY DEFERRED;


--
-- TOC entry 4259 (class 2606 OID 93992)
-- Name: auth_user_user_permissions auth_user_user_permi_permission_id_1fbb5f2c_fk_auth_perm; Type: FK CONSTRAINT; Schema: public; Owner: postgres
--

ALTER TABLE ONLY public.auth_user_user_permissions
    ADD CONSTRAINT auth_user_user_permi_permission_id_1fbb5f2c_fk_auth_perm FOREIGN KEY (permission_id) REFERENCES public.auth_permission(id) DEFERRABLE INITIALLY DEFERRED;


--
-- TOC entry 4260 (class 2606 OID 93987)
-- Name: auth_user_user_permissions auth_user_user_permissions_user_id_a95ead1b_fk_auth_user_id; Type: FK CONSTRAINT; Schema: public; Owner: postgres
--

ALTER TABLE ONLY public.auth_user_user_permissions
    ADD CONSTRAINT auth_user_user_permissions_user_id_a95ead1b_fk_auth_user_id FOREIGN KEY (user_id) REFERENCES public.auth_user(id) DEFERRABLE INITIALLY DEFERRED;


--
-- TOC entry 4261 (class 2606 OID 94008)
-- Name: django_admin_log django_admin_log_content_type_id_c4bce8eb_fk_django_co; Type: FK CONSTRAINT; Schema: public; Owner: postgres
--

ALTER TABLE ONLY public.django_admin_log
    ADD CONSTRAINT django_admin_log_content_type_id_c4bce8eb_fk_django_co FOREIGN KEY (content_type_id) REFERENCES public.django_content_type(id) DEFERRABLE INITIALLY DEFERRED;


--
-- TOC entry 4262 (class 2606 OID 94013)
-- Name: django_admin_log django_admin_log_user_id_c564eba6_fk_auth_user_id; Type: FK CONSTRAINT; Schema: public; Owner: postgres
--

ALTER TABLE ONLY public.django_admin_log
    ADD CONSTRAINT django_admin_log_user_id_c564eba6_fk_auth_user_id FOREIGN KEY (user_id) REFERENCES public.auth_user(id) DEFERRABLE INITIALLY DEFERRED;


-- Completed on 2024-04-01 14:25:22

--
-- PostgreSQL database dump complete
--

